{
  "hidden_size": 128,
  "num_layers": 4,
  "dropout": 0.39279757672456206,
  "batch_size": 8,
  "learning_rate": 0.005399484409787433
}