{
  "hidden_size": 192,
  "num_layers": 3,
  "dropout": 0.10823379771832098,
  "batch_size": 8,
  "learning_rate": 0.00023270677083837802
}